a_name,b_birth,c_degree,d_status,e_email,f_direction
暴欣,1986年1月,理学博士,副教授,baox199@126.com,功能配合物；分子磁体;光、温度响应变色材料
李峰,1974年8月,工学博士,教授,fengli@njust.edu.cn,"1)环境友好的有机合成反应研究2)新型催化剂的设计，合成及性能研究3)手性合成与不对称催化4)纳米材料与纳米催化5)药物分子的设计,合成及生物活性评价&nbsp;"
唐婉莹,1964年12月,,副教授,wytang@njust.edu.cn,环境监测与环境治理的分析测试：侧重水环境治理;磁性生物炭材料的制备及表征；湖泊污染修复功能材料研发与应用；湖泊沉积物硫的环境地球化学。FTIR光谱分析方法的研究；UV-VIS光谱分析方法的研究;RAMAN光谱分析方法的研究;XRF光谱分析方法的研究;ICP-MS分析方法的研究。
周敏,1975年7月,,教授,minzhou@njust.edu.cn,主要致力于大分子质谱方法学探索与应用，研究工作主要针对功能性生物分子复合物尤其是膜蛋白体系，运用质谱方法从独特的角度阐明其非共价相互作用、三维结构及功能调控，所建立的膜蛋白质谱方法对于疾病研究和药物开发有着很好的应用前景。
方敬坤,1984年7月,理学博士,高等学校教师,fjk@njust.edu.cn,有机合成药物中间体
林雪梅,1968年12月,,副研究员,xmlin666@163.com,化学（无机、有机）合成、功能材料（包括生物材料）研发
杨红伟,1979年3月,,副教授,hyang@mail.njust.edu.cn,1.抗癌药物分子设计、合成及其构效关系研究2.含能化合物的设计与合成3.金属有机化学与有机合成化学
居学海,1963年8月,,教授,xhju@njust.edu.cn,1、高能量密度材料的分子设计。用量子化学与分子动力学模拟相结合的方法，从分子、原子、电子等多层次上研究高能量密度材料的物理、化学行为与规律，新型含能材料分子的改进和设计。2、功能材料的计算机模拟.对功能材料进行分子动力学模拟.研究结构与性能的关系.
王风云,1960年10月,工学博士,教授,wangfy@njust.edu.cn,1.&nbsp;环保功能材料（无机吸附材料，光催化材料，新能源材料等）的制备与应用；2.&nbsp;工业用水处理与质量控制技术；3.土壤修复与改良技术的研究。&nbsp;
王桂香,1978年11月,,副教授,wanggx1028@163.com,1.高能量密度材料的分子设计；2.量子化学在含能材料中的应用；3.碳纳米管在含能材料中的应用。
张常山,1967年9月,,副教授,chsh_zh@mail.njust.edu.cn,1.化学动力学主要研究催化剂的制备、催化反应机理及应用;2.化学热力学主要研究热力学的规范化及其宏观表象;
周宝晶,1976年8月,理学博士,副教授,bzhou@mail.njust.edu.cn,研究领域为理论与计算化学。&nbsp;主要研究方向:1.生物/药物计算化学；2.复杂有机合成反应机理的多尺度分子模拟；3.计算材料化学；4.理论方法发展。具体研究领域:(a)应用研究1.主客体超分子（如环糊精）复合机理的分子模拟；2.复杂有机合成反应机理的多尺度分子模拟（如HMX合成反应机理的量子化学计算）；3.纳米材料性能的理论计算（如Mo2C催化苯分子的氢化）；4.光能转换高分子电子结构的理论计算；5.有机分子络合金属离子的结构与光谱计算（如罗丹明分子）。(b)方法发展1.预测主客体超分子体系复合自由能的MD/QM/CSM算法发展2.基于杂化Gaussian电子密度模型的可变原子半径方法；3.无轨道电子密度泛函理论方法发展。
朱卫华,1969年10月,理学博士,教授,zhuwh@njust.edu.cn,1.化学合成反应的计算和模拟2.功能材料分解反应机理的理论研究3.&nbsp;分子模拟
车剑飞,1968年4月,,教授,xiaoche@mail.njust.edu.cn,1.高分子基CNT复合材料的界面设计针对纳米尺度碳纳米管新型增强体，需要设计结构新颖的力承载与传递结构单元。研究内容侧重于提高碳管含量、增大界面强度、使碳管在基体中能够定向且伸直，在研究中提出了一系列界面设计的方法：反应纺丝法制备取向碳纳米管，超支化高分子表面接枝，共价键法建立界面化学作用等。2.生物活性高分子水凝胶水凝胶是亲水性的交联聚合物，性质柔软，具有很好的生物相容性，可模拟生物组织的理化特性，改善电极表面的生物相容性、机械强度和亲水性等。同时其3D网络结构形成很多的微通道，能包含各种各样的感应物质，采用水凝胶修饰电极来制备生物传感器，克服了目前生物传感器在生物兼容性和组织间相互作用方面的局限性。
贾红兵,1967年5月,,教授,jhbyrzy@mail.njust.edu.cn,01、复合材料的制备、组织和性能
王新龙,1965年8月,,教授,wxlong@mail.njust.edu.cn,1、通用与可降解高分子材料的高性能化与多功能化：聚乳酸、聚丙烯、尼龙、聚甲基丙烯酸酯等的阻燃、抗菌、耐热与耐烧蚀研究。2、高分子微球制备、结构调控与应用研究：有机硅微球制备与性能，Pickering乳液聚合。3、荧光探针分子设计、制备与构效关系：金属离子探针、轮烷结构分子合成与性能。（合作研究）
肖继军,1964年9月,,教授,xiao_jijun@163.com,1.理论和计算化学在高分子材料中的应用&nbsp;&nbsp;2.有机功能材料的设计与制备
徐勇,1977年9月,,副教授,xuyong@njust.edu.cn,耐高温高分子材料；高分子材料配方设计；功能复合材料
应宗荣,1966年11月,,副教授,zrying@mail.njust.edu.cn,1.聚合物功能材料的合成与性能调控2.聚合物膜的制备过程与结构控制3.包膜型缓控释化肥的制备及功能调控
王伯良,1964年10月,,教授,blwang@mail.njust.edu.cn,1.爆炸材料及其应用技术：新型高能量密度材料的开发及其应有技术的研究；2.安全技术：研究爆炸危险性物质的安全性；研究爆炸事故中冲击波、破片等因素对人、机、物的破坏损伤规律，测量评价方法及预防措施；3.爆轰推进技术:研究爆轰波在发动机推进系统中的应用技术。
陈网桦,1968年1月,,教授,chenwh_nust@163.com,爆炸与安全防护技术内涵：围绕气体爆炸、气云爆炸、粉尘爆炸、凝聚态物质的爆炸等，开展有关安全防护技术的研究。
解立峰,1962年10月,理学博士,教授,xielifeng319@sina.com,1、爆炸理论及作用，本方向主要研究云爆理论及技术，云爆武器药剂，战斗部设计技术，云爆武器爆炸参数测量及毁伤评价技术．
彭金华,1956年11月,,教授,pengjh@mail.njust.edu.cn,1、爆轰、爆炸及其作用：均相、多相爆轰机理，爆炸及其与目标的作用等；2、安全系统工程：物质与化学反应过程的安全性评价方法研究。
付永胜,1981年9月,工学博士,教授,fuyongsheng0925@163.com,纳米功能材料的制备及其在环境和储能领域的应用
傅佳骏,1980年9月,,教授,fujiajun668@gmail.com,1.绿色、高效工业循环水用缓释阻垢剂的分子设计及构效关系的研究及其工业循环水处理技术实际应用&nbsp;2.基于超分子自组装技术组建多因素刺激&mdash;&mdash;响应型可控释放纳米容器体系3.智能防腐涂层的设计和作用机理研究
何卫东,1962年11月,工学博士,研究员,hewedong@mail.njust.edu.cn,1、发射药配方设计理论与应用技术主要包括发射药配方设计技术、高能高强度发射药设计、发射药设计基础理论、发射药组份复合机理、发射药性能改进等研究。2、发射药装药设计理论与技术主要包括发射药装药结构设计基础理论、低温度系数装药技术、控制火药燃气生成规律及高装填密度装药技术、高渐增性燃烧装药技术、模块装药技术等研究。3、高分子复合材料制备技术主要包括高分子复合材料挤压成型工艺、新型特种高分子含能复合材料制备工艺、工艺对高分子复合材料性能的影响、高分子复合材料制备工艺的优化等研究。
廖昕,1961年5月,工学博士,研究员,liaoxin331@163.com,高分子材料配方设计及其工艺、性能；含能材料燃烧及其功能材料的应用；含能材料装药设计研究。
陆明,1963年10月,工学博士,教授,luming@mail.njust.edu.cn,1、有机合成反应与绿色化学(氧化反应、缩合反应、硝化反应等)2、催化剂的设计、制备及应用;3、多氮杂环功能材料的设计与合成；4、界面化学理论与表面活性剂应用技术。
唐卫华,1975年8月,哲学博士,教授,whtang@mail.njust.edu.cn,(1)材料科学与工程：有机/高分子功能材料；(2)应用化学：分子识别、先进合成化学
肖正刚,1974年7月,工学博士,副研究员,xiaozhg@njust.edu.cn,（1）高分子可修复体系（2）聚合物传感器及面向含能材料的应用检测技术（3）纳米多功能复合材料的设计、制备、性能及应用研究（4）含能材料（5）燃烧理论及应用研究
肖忠良,,,,,
朱绪飞,1964年9月,,教授,zhuxufei.njust@163.com,纳米材料、多孔纳米模板材料、阳极氧化钛光电转换材料、导电性功能高分子材料
冯章启,1981年6月,,副教授,fengzhangqi1981@163.com,功能材料的设计与制造，用于对细胞生物行为的调控，并用于组织工程、医学影像、生物检测等生物医学领域。
夏明珠,1968年8月,工学博士,研究员,863271491@ qq.com,环境功能材料的制备、应用及其微观作用机理研究。包括：1、采用插层、柱撑、表面吸附等改性方法制备无机有机复合材料，用于污水处理中重金属离子及各种有机污染物的去除；&nbsp;&nbsp;&nbsp;2、采用新型环境功能材料长效锁定污染土壤中的重金属离子，降低其活性和迁移性，从而有效修复污染土壤；3、采用先进的淋洗技术、植物生长强化技术等多项技术相结合进行土壤修复。
刘杰,1987年9月,工学博士,,jie_liu1987@163.com,含能材料、功能材料、复合材料等；微纳米技术、先进工艺、工程化应用等；学生亦可自拟课题。对学生的要求：1、须报考与材料或兵器相关专业；2、有化工、材料、兵器等学科知识基础；3、吃苦耐劳，积极主动投入科研课题中；4、乐观向上，遵守规章制度，服从管理。对学生的承诺：1、保证充足的科研经费支持；2、提供全面指导与帮助；3、对每一项科研成果（如论文、专利、项目等），均给予奖励；4、资助学术会议，支持科研出差。
谈玲华,,,,,
唐键,,,,,
魏晓安,1968年7月,工学博士,副研究员,weixiaoan@126.com,1、退役含能材料资源化利用2、高分子材料在颗粒间隙成型与控制3、储氢材料应用
贡雪东,1967年10月,工学博士,教授,gongxd325@mail.njust.edu.cn,1、高能材料分子和配方设计。2、功能材料计算模拟。
居学海,1963年8月,,教授,xhju@njust.edu.cn,1、高能量密度材料的分子设计。用量子化学与分子动力学模拟相结合的方法，从分子、原子、电子等多层次上研究高能量密度材料的物理、化学行为与规律，新型含能材料分子的改进和设计。2、功能材料的计算机模拟.对功能材料进行分子动力学模拟.研究结构与性能的关系.
刘彦,1970年11月,,副教授,liuyan@njust.edu.cn,
曹阳*,1967年8月,,教授,,1、生物医用材料：应用材料科学、分子生物学、医学、物理、化学等学科，赋予材料以生物结构和生物功能，设计可容纳细胞、细胞产物和细胞外基质的仿生结构的材料和植入体，并应用生物技术赋予其诱导组织或器官再生，或功能恢复和增进生物功能，以充分调劝人体自我康复的功能，实现病变或损伤组织的永久修复。2、氧化钛纳米管的制备及性能研究：纳米管由于其高比表面及尺寸效应，受到人民极大的关注。自发现碳纳米管及其独特的性能，人们就一直进行其他材料纳米管的研究。氧化钛纳米管在光催化、致敏、光电解、光伏等方面都有极其优越的特性。该方面研究如何在常温、常压等条件下，利用软化学方法获取高有序氧化钛纳米管束，控制其几何尺寸，并对其物理、化学性能进行研究。
车剑飞,1968年4月,,教授,xiaoche@mail.njust.edu.cn,1.高分子基CNT复合材料的界面设计针对纳米尺度碳纳米管新型增强体，需要设计结构新颖的力承载与传递结构单元。研究内容侧重于提高碳管含量、增大界面强度、使碳管在基体中能够定向且伸直，在研究中提出了一系列界面设计的方法：反应纺丝法制备取向碳纳米管，超支化高分子表面接枝，共价键法建立界面化学作用等。2.生物活性高分子水凝胶水凝胶是亲水性的交联聚合物，性质柔软，具有很好的生物相容性，可模拟生物组织的理化特性，改善电极表面的生物相容性、机械强度和亲水性等。同时其3D网络结构形成很多的微通道，能包含各种各样的感应物质，采用水凝胶修饰电极来制备生物传感器，克服了目前生物传感器在生物兼容性和组织间相互作用方面的局限性。
韩巧凤,1966年4月,,教授,hanqiaofeng@njust.edu.cn,１．主要研究Bi系半导体化合物纳米晶的制备，结构和性能．包括合成条件对半导体纳米晶粒径，形貌及结构的影响，继而研究半导体纳米晶结构对半导体导电性能以及光催化性能的影响．２．研究钙钛矿型复合氧化物的合成，结构及储氢性能．３．配合物的合成及晶体结构研究．
郝青丽,1972年10月,,教授,qinglihao@njust.edu.cn,研究领域：功能纳米材料与电化学（电化学器件）。主要研究方向：石墨烯等新型碳纳米复合材料的可控制备、导电聚合物及其无机杂化材料微/纳米结构的设计和组装、功能纳米材料在电化学传感、燃料电池、超级电容器、锂电等储能器件中的应用研究。
贾红兵,1967年5月,,教授,jhbyrzy@mail.njust.edu.cn,01、复合材料的制备、组织和性能
江晓红,1967年1月,哲学博士,教授,jiangxh24@mail.njust.edu.cn,1.多层膜及复合薄膜的结构设计、真空制备技术及其性质研究。2.微纳米催化剂的设计、制备及其对含能化合物的催化作用机理研究。
姜炜,1974年2月,工学博士,研究员,climentjw@126.com,高性能微纳米功能复合材料的制备及应用基础研究，从微纳米材料的微结构构筑、区间定位功能化、微尺度颗粒的整形与分散稳定等基础研究角度入手，构建高性能含能材料、宽频吸波隐身材料、多波段干扰材料、环境友好材料、生物医用材料的理论基础、制备原理和应用评价，面向军民领域工程背景需求，系统开展基础与工程应用研究。对报考该研究方向的考研学生的基本要求：有化学类相关科目（如四大化学等）基础并对材料类相关研究领域有一定兴趣的各专业本科毕业生均可报考。报考专业必须是材料学。有硕博连读意向的学生优先，攻读硕士和博士学位期间，根据学生的科研成果情况（如论文、专利、立项项目等），将可以得到除国家、学校奖助学金和导师资助费等固定补贴以外1000元-10000元/年不等的科研奖励。有任何问题请及时与本人联系：climentjw@126.com，13851550186。&nbsp;
刘孝恒,1959年9月,工学博士,教授,xhliu@njust.edu.cn,1、纳米材料学：无机纳米功能材料的化学制备、结构表征，性能及应用研究。2、超分子化学与先进材料：自组装原理和技术在薄膜材料、孔材料等研究中的应用。3、复合材料学：工程塑料复合技术；核-壳结构材料与微胶囊材料。
潘仁明,1963年1月,工学博士,研究员,panrenming@163.com,新型含能材料设计、制备及其应用技术：新型含能材料基础材料的设计与合成；高能含能材料设计与制备；含能材料的军民技术。
宋晔,1967年11月,,教授,songye@mail.njust.edu.cn,1电功能高分子材料2纳米电介质材料3电化学电容器电极材料
汪信,1948年9月,,教授,,纳米材料化学与应用
王田禾,1956年5月,,,,
王泽山#,1935年9月,,教授,zshw@hotmail.com,1、含能材料装药设计主要进行高能量密度材料、高能火药、压实火药、刚性装药、随行装药、各类密实装药以及缓蚀技术、底排技术、零梯度技术和内弹道模拟仿真等技术研究。2、含能材料组成及其性能主要研究含能材料热化学及其组成、结构与燃烧、能量、力学性能、安全等性能的关系。
肖继军,1964年9月,,教授,xiao_jijun@163.com,1.理论和计算化学在高分子材料中的应用&nbsp;&nbsp;2.有机功能材料的设计与制备
赵凤起*,,,,,
周世琦*,1950年1月,,教授,,
周伟良,1963年12月,,教授,wlzhou@mail.njust.edu.cn,1、热塑性弹性体设计、合成与应用，主要开展聚乙二醇聚氨酯热塑性弹性体的分子设计与合成，GAP热塑性弹性合成与应用，互穿/半互穿聚合物网络增强改性与应用等研究。2、高分子材料、填料表/界面技术，主要开展高分子材料界面迁移机理，填料表面改性与应用等研究。3、含能材料燃烧性能调控技术，主要开展发射药、推进剂燃烧性能的设计与调控技术研究。
朱俊武,1976年1月,,教授,zhujw@njust.edu.cn,1.基于能源存储与转化的碳材料结构设计、器件及性能(超级电容器、电池、电催化等)；2.多种二维纳米材料的微结构控制、性质及其应用研究（氧化物、氮化物、碳化物等）；3.无机功能材料制备及性质（国防特种催化剂设计、性能）；4.气敏材料、器件设计及性能研究。
朱卫华,1969年10月,理学博士,教授,zhuwh@njust.edu.cn,1.化学合成反应的计算和模拟2.功能材料分解反应机理的理论研究3.&nbsp;分子模拟
白华萍,1967年4月,,高级工程师,baihuaping@hotmail.com,固体推进剂配方、工艺、性能研究；推进剂用原材料如氧化剂、催化剂、添加剂等制备与性能研究；含能材料超细粉碎技术研究；微纳米复合粒子制备与应用性能研究。
卑凤利,1973年2月,,副教授,beifl@mail.njust.edu.cn,纳米材料
邓国栋,1965年2月,,高级工程师,dypdgd@126.com,"1.微纳米材料制备及其应用技术，主要研究气流粉碎、球磨粉碎、高压膨胀粉碎等方法制备微纳米材料的机理及工艺技术；2.含能材料加工成型技术，主要研究火炸药原材料超细粉碎方法、推进剂压延塑化及挤出成型等工艺技术；3.微纳米粉体干燥技术，主要研究超临界干燥、低温冷冻干燥及喷雾干燥对微纳米粉体材料的干燥技术；4.组份在线快速检测技术，主要研究利用近红外光谱分析技术对物料组分快速检测分析的原理方法；5.含能材料连续加料计量技术,主要研究利用浓度仪、流量计及失重计量原理对生产工艺中添加的物料进行连续计量的原理方法与装置。欢迎学生报考本人的硕士研究生。"
堵平,1969年11月,,副研究员,dp1314@163.com,材料学；含能材料及装药设计。
顾志明,1970年4月,,,,
郭效德,1968年2月,,研究员,guoxiaodenj@sina.com,1、多功能含能催化剂设计、制备、性质与应用研究；2、纳米/微米材料制备、修饰、改性技术研究；3、新型固体推进剂配方设计、性能及应用研究；4、有机/无机及含能材料超细粉碎技术及工程化技术研究。
韩爱军,1964年11月,,副研究员,haj308@163.com,"1、纳米材料及功能性复合粒子的制备研究研究纳米材料的制备方法和工艺条件，以及将纳米粒子复合于微米或亚微米粒子表面，制备具有特定功能的复合粒子，实现新材料的功能性组装。2、高耐侯性无毒无机颜料的制备研究研究制备所需原料的均匀混合纳米粉体，研究在高温下晶格内离子置换化学反应的反应机理与工艺条件，升温曲线,原料的配方比例，制备高耐侯性、不变色、耐化学溶剂及符合国际环保ROHS指令的无毒无机颜料3、兼容可见光伪装的红外低发射率填料的制备研究研究红外透明性高聚物材料与具有较低红外发射率的金属粒子（如铝粒子）的包膜复合方法、机理与工艺条件，制备相应的涂料填料粒子，解决红外涂装中的瓶颈问题，实现可见光兼容伪装。4、红外高发射率纳米材料的制备研究研究纳米晶体过渡金属离子掺杂过程晶格畸变，提高特定波段的发射率，制备功能材料。在民用领域广泛应用于涂饰、塑料、印刷、纺织及食品等行业，在军工领域可较好地应用于军事目标的模拟及伪装仿真。5、红外高反射纳米功能材料的制备及性能研究为缓解城市热岛效应，减少制冷装备使用率，节约能源，近红外反射纳米材料成为研究热点。通过固相反应引入特定的稀土金属离子，实现晶格内的离子置换，制备纳米粉体。作为一种新型节能绿色材料，从源头上阻止热量的传递，有效降低涂层表面和内部环境温度，提高居住舒适度。6、纳米晶须及多空孔隔热材料的制备与应用研究研究纳米晶须及多空孔隔热材料的制备工艺与方法，建立隔热的模型，研究隔热机理，并应用于高热药剂中，研究应用条件，进行隔热效能评估。"
黄振亚,1958年5月,,研究员,hzy331@sohu.com,1.含能材料：主要研究高能量复合含能材料的配方与结构设计、制备工艺和装药应用技术。通过组成、结构与能量、燃烧、力学等性质之间相互关系的基础研究，为发展新一代高能复合含能材料提供理论和技术基础；通过组成、结构与能量释放规律之间影响关系的基础研究，为大幅度提高复合含能材料在武器装备上的能量利用率提供理论和技术基础。2.功能材料：主要研究用于复合含能材料体系的燃烧催化剂、缓蚀添加剂、表面处理剂、力学增强剂等。
李平云,1981年3月,,副研究员,lpyljr@126.com,纳米材料基础研究与应用研究
林雪梅,1968年12月,,副研究员,xmlin666@163.com,化学（无机、有机）合成、功能材料（包括生物材料）研发
刘玉海,1961年12月,,研究员,,
南风强,1975年2月,工学博士,副研究员,nanfq@163.com,（1）含能材料燃烧、控制仿真及智能优化，火炮装药技术（2）高分子材料制造工艺模拟仿真与优化&nbsp;（3）化工行业数字化设计、制造及企业信息化技术&nbsp;
王新龙,1965年8月,,教授,wxlong@mail.njust.edu.cn,1、通用与可降解高分子材料的高性能化与多功能化：聚乳酸、聚丙烯、尼龙、聚甲基丙烯酸酯等的阻燃、抗菌、耐热与耐烧蚀研究。2、高分子微球制备、结构调控与应用研究：有机硅微球制备与性能，Pickering乳液聚合。3、荧光探针分子设计、制备与构效关系：金属离子探针、轮烷结构分子合成与性能。（合作研究）
徐勇,1977年9月,,副教授,xuyong@njust.edu.cn,耐高温高分子材料；高分子材料配方设计；功能复合材料
杨勇,1983年6月,工学博士,高等学校教师,yw6729@163.com,课题组研究方向兼容有机与无机材料，主要集中在:(1)光、电、磁功能材料的设计、合成及应用研究;(2)功能高分子材料的设计与应用;&nbsp;(3)先进储能及能源转换材料;&nbsp;(4)有机－无机杂化功能材料的设计、制备和性能调控研究
叶明泉,1966年8月,,副研究员,ymq@njust.edu.cn,1.超细粉体技术（超细粉体材料的制备与性能研究）2.微米纳米复合粒子的制备与性能研究3.高分子（导电高分子、功能高分子）与无机材料复合粒子的制备与性能研究4.纳米复合无机颜料的制备与性能研究5.激光打印彩色墨粉的制备技术研究6.红外毫米波复合诱饵药剂技术7、低温固体等离子体技术
应三九,1966年4月,,副研究员,yingsanjiu@126.com,1，发射药装药设计理论与技术研究；2，超临界流体技术；3，聚合物改性与加工成型。
应宗荣,1966年11月,,副教授,zrying@mail.njust.edu.cn,1.聚合物功能材料的合成与性能调控2.聚合物膜的制备过程与结构控制3.包膜型缓控释化肥的制备及功能调控
郑文芳,1979年11月,,副研究员,zwf198181@163.com,新材料燃烧合成技术；推进剂与燃烧；含能材料消防
陈迁乔,1970年10月,,副教授,cqq@njust.edu.cn,相变储能材料研究化工过程强化
何英,1988年1月,工学博士,教授,yhe@njust.edu.cn,"有机金属化学，有机小分子催化,应用化学，精细化学品的合成"
雷武,1971年10月,,研究员,leiwuhao@njust.edu.cn,1、功能纳米材料的制备及应用；2.电化学能量存储和转化器件；3.水处理相关技术.
马卫华,1971年11月,,教授,mwh@njust.edu.cn,"催化化学工程,无机材料合成，工业催化，超临界流体技术"
杨红伟,1979年3月,,副教授,hyang@mail.njust.edu.cn,1.抗癌药物分子设计、合成及其构效关系研究2.含能化合物的设计与合成3.金属有机化学与有机合成化学
方敬坤,1984年7月,理学博士,高等学校教师,fjk@njust.edu.cn,有机合成药物中间体
吴立志,1982年9月,,副研究员,wulizhi82@163.com,主要从事激光与物质相互作用机理、含能材料的快速成型（直写）技术和爆炸物理测试分析技术的研究。具体包括：激光点火与起爆技术、激光与含能材料的相互作用机理、含能材料三维打印、PDV（多普勒）测速技术等方向。
周宝晶,1976年8月,理学博士,副教授,bzhou@mail.njust.edu.cn,研究领域为理论与计算化学。&nbsp;主要研究方向:1.生物/药物计算化学；2.复杂有机合成反应机理的多尺度分子模拟；3.计算材料化学；4.理论方法发展。具体研究领域:(a)应用研究1.主客体超分子（如环糊精）复合机理的分子模拟；2.复杂有机合成反应机理的多尺度分子模拟（如HMX合成反应机理的量子化学计算）；3.纳米材料性能的理论计算（如Mo2C催化苯分子的氢化）；4.光能转换高分子电子结构的理论计算；5.有机分子络合金属离子的结构与光谱计算（如罗丹明分子）。(b)方法发展1.预测主客体超分子体系复合自由能的MD/QM/CSM算法发展2.基于杂化Gaussian电子密度模型的可变原子半径方法；3.无轨道电子密度泛函理论方法发展。
钟秦,1963年3月,,教授,zq304@mail.njust.edu.cn,研究方向：催化反应及其应用研究概述：针对能源利用过程中的环境问题，开展分子筛膜催化分解NO、选择性催化还原NOx、电催化氧化还原SO2、光催化分解及生物膜降解发挥性有机物、H2S燃料电池等基础和应用研究
曲虹霞,1971年3月,工学博士,教授,qhx@mail.njust.edu.cn,1.多相催化反应过程研究；2.多孔材料设计、组装、结构及其应用研究（分子筛，氮化物，碳化物）；3..光、电催化剂的设计、性能及应用研究（电池，光催化反应）。
王娟,1971年10月,,副教授,wangjuan304@mail.njust.edu.cn,1.化学工程分离技术主要开展化工单元操作如精馏、吸收、萃取等混合物分离技术的研究。2.环境工程主要开展大气污染物和废水治理技术的研究。3.生物电化学工程主要开展微生物燃料电池研究。
张舒乐,1982年11月,工学博士,教授,shulezhang@163.com,功能材料与催化材料的制备、表征、解析与分子模拟；优良催化材料的工业应用。
蔡春,1965年9月,,教授,caichunh@njust.edu.cn,1、现代有机合成反应2、催化剂固定化技术3、绿色有机合成方法4、氟化学
刘祖亮,1951年8月,,研究员,njustlz1723@hotmail.com,1.含能材料制备、配方与应用技术2.精细化工产品制备与应用技术3.军民两用技术开发
张跃军,1959年4月,工学博士,教授,zhyuejun@njust.edu.cn,1.水溶性高分子的合成、工艺、机理及应用2.表面活性剂的合成、工艺、机理及应用3.含能材料的合成、工艺与机理
俞马宏,1966年3月,,副教授,yumahong@163.com,1、水污染控制工程：主要从事重金属废水处理的新技术及其工程应用研究。2、绿色水处理技术：主要从事电化学水处理的理论和方法研究。（注：目前不招生！）
董伟,1964年2月,理学博士,教授,dongwei@njust.edu.cn,1.分子探针的设计与制备及其在生物医学诊断方面的应用研究2.纳米抗体的修饰及其在医药和诊断技术中的应用
孙东平,1970年7月,,教授,hysdp@mail.njust.edu.cn,1、新能源-质子交换膜燃料电池制备及性能研究2、生物发酵与代谢工程3、生物功能材料4、锂电池功能电极的研究5、生物法绿色制备氧化石墨烯6、微流控功能化材料的研究7、生物材料在化妆品领域的应用
周敏,1975年7月,,教授,minzhou@njust.edu.cn,主要致力于大分子质谱方法学探索与应用，研究工作主要针对功能性生物分子复合物尤其是膜蛋白体系，运用质谱方法从独特的角度阐明其非共价相互作用、三维结构及功能调控，所建立的膜蛋白质谱方法对于疾病研究和药物开发有着很好的应用前景。
姜炜,1974年2月,工学博士,研究员,climentjw@126.com,高性能微纳米功能复合材料的制备及应用基础研究，从微纳米材料的微结构构筑、区间定位功能化、微尺度颗粒的整形与分散稳定等基础研究角度入手，构建高性能含能材料、宽频吸波隐身材料、多波段干扰材料、环境友好材料、生物医用材料的理论基础、制备原理和应用评价，面向军民领域工程背景需求，系统开展基础与工程应用研究。对报考该研究方向的考研学生的基本要求：有化学类相关科目（如四大化学等）基础并对材料类相关研究领域有一定兴趣的各专业本科毕业生均可报考。报考专业必须是材料学。有硕博连读意向的学生优先，攻读硕士和博士学位期间，根据学生的科研成果情况（如论文、专利、立项项目等），将可以得到除国家、学校奖助学金和导师资助费等固定补贴以外1000元-10000元/年不等的科研奖励。有任何问题请及时与本人联系：climentjw@126.com，13851550186。&nbsp;
卢颖洪,1975年8月,,,yinghonglu@njust.edu.cn,细胞代谢工程叶绿体转化
杨加志,1977年12月,,,,
蔡春,1965年9月,,教授,caichunh@njust.edu.cn,1、现代有机合成反应2、催化剂固定化技术3、绿色有机合成方法4、氟化学
陈群*,1963年7月,,研究员,3906123032@cczu.edu.cn,
程广斌,1967年10月,,教授,gcheng@mail.njust.edu.cn,1绿色有机合成反应的研究2医药、染料及含能材料等中间体的合成与工艺学；3金属有机化合物的合成，主要是不对称催化剂的合成及应用研究
丁玉龙*,1962年8月,,教授,y.ding@bham.ac.uk,&nbsp;&nbsp;&nbsp;(1)储能过程中多相流动与传热，先进能源转化过程，纳微颗粒悬(2)中高温储能材料，智能自适应材料，纳微结构功能材料合成与应用(3)先进工业余热回收系统&nbsp;&nbsp;&nbsp;
方志杰,1957年3月,工学博士,研究员,zjfang@njust.edu.cn,1、药物及其中间体的合成与工艺2、糖的化学与工艺学3、天然产物的全合成和化学修改4、具有生物活性的糖苷和寡糖的合成
傅佳骏,1980年9月,,教授,fujiajun668@gmail.com,1.绿色、高效工业循环水用缓释阻垢剂的分子设计及构效关系的研究及其工业循环水处理技术实际应用&nbsp;2.基于超分子自组装技术组建多因素刺激&mdash;&mdash;响应型可控释放纳米容器体系3.智能防腐涂层的设计和作用机理研究
郝青丽,1972年10月,,教授,qinglihao@njust.edu.cn,研究领域：功能纳米材料与电化学（电化学器件）。主要研究方向：石墨烯等新型碳纳米复合材料的可控制备、导电聚合物及其无机杂化材料微/纳米结构的设计和组装、功能纳米材料在电化学传感、燃料电池、超级电容器、锂电等储能器件中的应用研究。
何明阳*,,,,,
胡炳成,1969年4月,工学博士,教授,hubc@njust.edu.cn,1.全氮离子盐及多硝基含能化合物的合成2.天然环状四吡咯化合物的合成和应用3.药物中间体的设计与合成4.化学工程及化工工艺研究与设计
姜标*,1962年1月,,,jiangb@mail.sioc.ac.cn,有机氟材料研究
李斌栋,1972年4月,工学博士,研究员,henrylbd@sina.com,&nbsp;1、药物及精细有机中间体绿色合成；2、高能钝感含能材料的合成与应用技术研究；3、微反应器的反应机理、在有机合成中的应用研究和全自动连续化工艺设计放大技术&nbsp;&nbsp;&nbsp;&nbsp;&nbsp;&nbsp;欢迎对有机合成化学、药物中间体制备工艺、化学工程等相关研究领域深感兴趣并且有一定化学类相关科目（如四大化学等）基础的各专业本科生报考博士、硕博连读、硕士研究生。有硕博连读意向的学生优先，攻读硕士和博士学位期间，根据学生的科研成果情况（如论文、专利、立项项目等），将可以得到除国家、学校奖助学金和导师资助费等固定补贴以外1000元-10000元/年不等的科研奖励。&nbsp;
李峰,1974年8月,工学博士,教授,fengli@njust.edu.cn,"1)环境友好的有机合成反应研究2)新型催化剂的设计，合成及性能研究3)手性合成与不对称催化4)纳米材料与纳米催化5)药物分子的设计,合成及生物活性评价&nbsp;"
林强*,1962年7月,,教授,,精细化学品分子设计、合成及应用纳米材料生物制备及应用
刘大斌,1963年11月,,研究员,dabin63@vip.sina.com,1、含能材料制造与应用研究.根据特定的需求目标进行含能材料配方设计、应用技术研究。2、含能材料安全技术研究.主要研究含能材料及其相关产品在生产、储存、运输和使用过程中的相关安全技术。3、含能材料测试技术.含能材料使用性能、安全性能、作用机制的测试技术。
刘祖亮,1951年8月,,研究员,njustlz1723@hotmail.com,1.含能材料制备、配方与应用技术2.精细化工产品制备与应用技术3.军民两用技术开发
陆明,1963年10月,工学博士,教授,luming@mail.njust.edu.cn,1、有机合成反应与绿色化学(氧化反应、缩合反应、硝化反应等)2、催化剂的设计、制备及应用;3、多氮杂环功能材料的设计与合成；4、界面化学理论与表面活性剂应用技术。
罗军,1975年8月,工学博士,教授,luojun@mail.njust.edu.cn,1、药物及精细有机中间体合成；2、绿色有机合成化学；3、含能材料设计与合成
潘仁明,1963年1月,工学博士,研究员,panrenming@163.com,新型含能材料设计、制备及其应用技术：新型含能材料基础材料的设计与合成；高能含能材料设计与制备；含能材料的军民技术。
彭新华,1964年8月,工学博士,教授,xinhpeng@njust.edu.cn,1、芳香族化合物和氮氧化物的环境友好反应化学基于石油、煤和生物质资源化学品，研究芳香族化合物和新型碳材料反应特性，阐明芳香族化合物SP2碳氢化学和氮化学、及其与氮氧化物作用机制，实施其环境友好化学反应行为。创新性发展绿色硝化反应，建立氮氧化物原子经济硝化反应新方法，实施定向硝化环境经济制备硝基化合物。深入认识氮氧化物与自然界物质的化学过程，进一步了解氮氧化物分子与生物分子的生物学过程，形成有机、无机、和生物领域的前沿交叉发展。2、精细有机功能材料的原子经济合成反应化学基于盐化工和海洋化学化工发展，研究原子经济卤化、硝化、氧化还原等有机合成单元反应，实施精细有机功能材料（药物、香料、染料、涂料、高能量密度材料等）及其中间体的设计和全合成，形成专利核心技术产品工程化应用平台。创新性发展绿色氧化反应，建立催化双氧水清洁氧化反应新方法，实施有机分子结构中原子氧的定向嵌入，实现关键核心技术创新，为工业化应用奠定科学与技术基础。
沈瑞琪,1963年6月,,教授,rqshen@mail.njust.edu.cn,纳米材料、激光物理与化学、微系统与化学芯片技术、复杂流场传热传质模拟仿真技术
孙小强*,1956年5月,,教授,,1.超分子化学：以纳米器件领域的前沿性课题为导向，通过设计、合成新颖的带多元活性官能团的含不同л电子云的有机分子前体，利用分子间的弱相互作用组装成超分子结构，研究它们在金属表面的行为及作用机理，探索其作为纳米器件的应用前景。2.应用有机化学：设计、合成、筛选带有特定结构的功能基团，通过化学键连接在有机聚合物表面或孔道空腔内，制得具有特殊物理、化学特性的功能高分子材料，用于化工产品和过程的清洁化工艺美术品。
唐卫华,1975年8月,哲学博士,教授,whtang@mail.njust.edu.cn,(1)材料科学与工程：有机/高分子功能材料；(2)应用化学：分子识别、先进合成化学
汪信,1948年9月,,教授,,纳米材料化学与应用
王风云,1960年10月,工学博士,教授,wangfy@njust.edu.cn,1.&nbsp;环保功能材料（无机吸附材料，光催化材料，新能源材料等）的制备与应用；2.&nbsp;工业用水处理与质量控制技术；3.土壤修复与改良技术的研究。&nbsp;
王连军,1905年5月,,教授,,1.高浓度、难降解化工废水治理集成技术相继开发了以膜分离法、电化学法、高效生物法、高级氧化法等为关键技术的化工污染治理与资源化新技术，先后完成20余项包括医药中间体废水、农药废水、染料废水、火炸药废水、起爆药废水等化工废水的设计、安装与调试，均通过了环保部门的验收。2.以膜技术为核心的污染物控制及资源化研究围绕环境保护领域的热点问题，开展了膜过程技术及工程化应用研究。以膜生物反应器为核心的废水处理集成技术已成功进行工程化应用；“膜基溶剂吸收—渗透蒸发”工艺治理“三苯”废气的研究，以实现膜技术在处理回收工业有机废气中的工程应用。3.高效环境生物技术开展适合高浓度、高盐分、难降解化工废水高效菌种培养、筛选及工程化应用技术；开展固定化微生物技术的基础研究与应用研究，研制新型高效厌氧、好氧生物反应器，开展高效生物技术降解高学度、高盐分、难降解化工废水的中试研究。
许兴友*,1963年1月,,教授,,1、本课题组主要研究新型有机配体及其配合物的合成、表征、结构分析和抑菌性研究，研究金属盐、自由配体、配合物抑菌性的规律性，探讨中毒机理和其解毒途径。2、天然SOD结构复杂，稳定性差，而小分子配合物可塑性大，易于了解酶结构、功能及反应机理，本课题组主要研究新型配合物的合成、表征及歧化O2的功能，提高配合物的稳定性，修饰其亲脂性，研究其在临床上的应用。
杨小弟*,1964年6月,,教授,,1、元素形态分析在元素的形态分析和生物有效性方面，我们结合铝的形态分析工作以及国际上IUPAC对元素形态的最新定义，提出了元素结构形态分析和纳米形态分析技术和方法。进一步探讨中性生理条件下，铝实际存在的纳米形态与生物分子的微界面作用机制。它对深入研究环境生物体系中元素的一物有效性具有重要的理论意义。2、生物电分析以血红蛋白、葡萄糖氧化酶和谷安酸脱氢酶等为模型化合物，应用电分析化学手段研究生命物质的反应机理、调控因素及生物催化模拟。还将电化学测量技术和纳米材料的优越性能相结合，开展了有序碳纳米管表面生物酶的固定及直接电分析化学的研究工作。3、有机磷和菊酯类农药的控制以气相色谱及质谱、高效液相色谱和核磁共振谱分析研究了过碳酸纳对水环境中有机磷和菊酯类农药的降解热力学和动力学以及降解过程和机理。并进一步探讨纳米A100H包覆过碳酸钠对水环境中农药的控制。
叶志文,1968年2月,理学博士,教授,yezw@mail.njust.edu.cn,1.药物中间体合成技术2.表面活性剂合成及应用3.含能材料的合成及应用4.工业炸药的制备技术
易文斌,1979年9月,,教授,yiwenbin@mail.njust.edu.cn,（1）药物合成化学；（2）有机氟化学。
张跃军,1959年4月,工学博士,教授,zhyuejun@njust.edu.cn,1.水溶性高分子的合成、工艺、机理及应用2.表面活性剂的合成、工艺、机理及应用3.含能材料的合成、工艺与机理
朱卫华,1969年10月,理学博士,教授,zhuwh@njust.edu.cn,1.化学合成反应的计算和模拟2.功能材料分解反应机理的理论研究3.&nbsp;分子模拟
成一,1952年1月,,研究员,chengyi20@aliyun.com,（1）火工烟火技术是现代武器弹药点火，起爆和智能化的关键部件之一，也是宇航火箭和卫星中的关键部件之一。本研究方向主要为延期药，烟火切割器，巡航导弹的空中点火。（2）安全气囊的是一门新兴的科学与产业，其涉及机械、电子和化学等诸多领域，可以广泛应用在汽车、水上救生、武器弹药、太空卫星探测器的着陆、消防救灾等领域，并且正在形成一个产值为数百亿美元的巨大产业。本研究方向主要为无人机气囊。
董伟,1964年2月,理学博士,教授,dongwei@njust.edu.cn,1.分子探针的设计与制备及其在生物医学诊断方面的应用研究2.纳米抗体的修饰及其在医药和诊断技术中的应用
杜杨,1968年9月,,高级工程师,duy@mail.njust.edu.cn,(1)药物及有机中间体合成的清洁工艺研究(2)功能性高分子化合物的结构设计、合成和应用研究
关华,1965年11月,工学博士,教授,guanhua@njust.edu.cn,"1.烟火药剂及特种弹药技术：研究烟火药燃烧产生声、光、热、气溶胶和电磁等特种效应机理,着重研究多功能药剂复合机理和新概念特种弹药技术；2.光电对抗与无源干扰技术：研究使信息化战场上的光电制导武器失控、观瞄探测器材失灵、通讯指挥中断的光电对抗及无源干扰技术及其器材，并研究其在特种环境条件下干扰技术及特性。3.民用烟火技术：研究开发新型烟花药剂材料，微烟烟花与环保花炮，烟花燃放新技术和新效果药剂开发。"
黄寅生,1962年11月,工学博士,教授,huangyinsheng@sina.com,（1）含能材料的点火与起爆技术；（2）索类火工品技术；（3）动力源火工品技术；（4）爆破器材与爆炸应用技术；（5）高能量密度含能材料合成及应用技术。
贾旭,1982年6月,工学博士,副教授,jiaxu@njust.edu.cn,水溶性高分子的设计合成、机理及应用研究季铵盐表面活性剂的合成及性质研究
姜超,1979年9月,哲学博士,副教授,chaojiang@njust.edu.cn,有机化学：有机合成方法，金属催化有机反应，药物中间体合成。
李艳春,1983年2月,,讲师,ychunli@gmail.com,可燃剂表面处理及包覆；化学动力学研究；含能材料反应机理研究，安全性，藏储寿命研究；新型安全气囊研究。
李燕,1975年11月,工学博士,副教授,yanli@njust.edu.cn,1、光谱法测量燃烧、爆炸等瞬态对象的物理和化学特性。2、新型火工药剂技术。3、纳米含能材料。4、分析化学
蔺向阳,1969年10月,,副研究员,linxiangyang@njust.edu.cn,1.固体推进剂工艺技术及新型含能材料合成技术。2.高分子复合3D打印成型技术。3.&nbsp;微孔结构含能材料技术及其在无烟烟花方面的应用。
陆国平,1986年9月,,副教授,glu@njust.edu.cn,绿色有机化学药物及其中间体合成表面活性剂设计合成金属纳米粒子设计合成
罗元香,1965年9月,,副教授,,
潘峰,1971年5月,,副教授,panfengiem@njust.edu.cn,1工业粉尘爆炸安全以及含能材料评估与防护技术；2锂离子电池电极的制备和性能以及超级电容器方面的研究。
钱华,1981年6月,工学博士,副研究员,qianhua@njust.edu.cn,1、绿色有机合成反应与催化技术2、有机中间体制备新方法3、含能材料的合成、配方设计及应用
唐婉莹,1964年12月,,副教授,wytang@njust.edu.cn,环境监测与环境治理的分析测试：侧重水环境治理;磁性生物炭材料的制备及表征；湖泊污染修复功能材料研发与应用；湖泊沉积物硫的环境地球化学。FTIR光谱分析方法的研究；UV-VIS光谱分析方法的研究;RAMAN光谱分析方法的研究;XRF光谱分析方法的研究;ICP-MS分析方法的研究。
王瑛,1965年1月,,副研究员,wangying701@mail.njust.edu.cn,1.精细化学品的合成、构效关系研究及应用2.金属配合物的合成、精细结构研究3.金属材料的腐蚀控制研究及工程应用4.工业循环水处理新新技术的研究及工程应用
卫延安,1969年2月,,副研究员,weiya_69@163.com,1.精细化工产品的合成工艺研究2.民爆器材产品开发研究3.安全评价方法研究
夏明珠,1968年8月,工学博士,研究员,863271491@ qq.com,环境功能材料的制备、应用及其微观作用机理研究。包括：1、采用插层、柱撑、表面吸附等改性方法制备无机有机复合材料，用于污水处理中重金属离子及各种有机污染物的去除；&nbsp;&nbsp;&nbsp;2、采用新型环境功能材料长效锁定污染土壤中的重金属离子，降低其活性和迁移性，从而有效修复污染土壤；3、采用先进的淋洗技术、植物生长强化技术等多项技术相结合进行土壤修复。
邢晓东,1973年3月,,副教授,xingxiaodong07@njust.edu.cn,生物医用高分子材料。主要研究抗菌牙科修复材料，表面接枝型固相接触水处理用高分子材料。目前该方向有1项国家自然科学基金重点和2项国家自然科学基金合作项目资助。高性能聚合物纤维。主要研究新一代高强高模聚合物纤维的单体、聚合物制备方法与工艺。该方向有1项企业横向项目资助。
叶家海,1967年12月,,副研究员,yejiahai@mail.njust.edu.cn,1、分子荧光探针技术；2、金属有机催化及有机合成方法学；
叶迎华,1962年6月,,研究员,yyinghua@mail.njust.edu.cn,1.火工技术
张琳,1976年4月,,副研究员,zhangl@mail.njust.edu.cn,1微纳米结构材料制备及其应用研究；2光谱在线分析技术及其在含能材料中的应用；3超分子组装及组装机理研究
赵晓蕾,1968年9月,工学博士,副研究员,lilyzhao618@163.com,1.水溶性高分子及表面活性剂应用研究2.原水、废污水、循环水处理3.水处理药剂配方研制、应用开发
周彬,1971年2月,,副研究员,zhoubin8266@sina.com.cn,1.微电子火工技术，主要包括半导体桥火工芯片的设计制备、作用机理的研究及半导体桥点火起爆技术的应用2.电火工品的防静电防射频技术研究
周新利,1973年4月,工学博士,副研究员,xinlizhou@aliyun.com,1.含能材料制备，主要研究新型高能钝感单质化合物、含能高分子化合物的合成以及低易损高能混合物制备及性能表征等。2.工业含能混合物及其添加剂的制备及工艺研究。3.精细化工产品的合成。
朱晨光,1967年6月,,教授,zcg_lnkz@163.com,从事复合含能材料应用、光电对抗干扰材料开发等相关的理论研究与技术应用工作。1.通过烟火药燃烧产物控制，使其在照明、热能、遮蔽、灭火等效应方面实现有效应用；2.通过含能材料优化配伍，研究利用燃烧火焰产生毫米波、红外辐射机理，并实现应用；3.研究由氧化剂、可燃剂、添加剂等材料组成的复合含能材料燃烧反应原理、动力学规律、火焰流场及其模型。
朱广军,1963年4月,,教授,zhugj@njust.edu.cn,1、精细化工：目前的研究主要致力于新型阻燃剂制备、表面活性剂的合成与应用、新型涂料研究开发。2、天然药物化学：目前研究主要致力于天然药物有效成分提取和分离。
朱顺官,1962年12月,,研究员,zhusg@mail.njust.edu.cn,1、火工药剂技术——利用全自动反应器、原位制备和自组装技术合成绿色环保的含能药剂。2、共晶/超分子含能化合物设计与合成——优选主体和客体分子而形成性能更优新的化合物。3、新型爆破器材——研发新型起爆药、新型换能元，并以新理念设计新一代民用爆破器材。
徐森,1981年2月,,副教授,xusen@njust.edu.cn,化学品的安全性研究（粉尘爆炸特性、自反应性、氧化性等）；含能材料的安全性评估及测试技术研究；爆炸品危险性分级研究。
周彬,1971年2月,,副研究员,zhoubin8266@sina.com.cn,1.微电子火工技术，主要包括半导体桥火工芯片的设计制备、作用机理的研究及半导体桥点火起爆技术的应用2.电火工品的防静电防射频技术研究
关华,1965年11月,工学博士,教授,guanhua@njust.edu.cn,"1.烟火药剂及特种弹药技术：研究烟火药燃烧产生声、光、热、气溶胶和电磁等特种效应机理,着重研究多功能药剂复合机理和新概念特种弹药技术；2.光电对抗与无源干扰技术：研究使信息化战场上的光电制导武器失控、观瞄探测器材失灵、通讯指挥中断的光电对抗及无源干扰技术及其器材，并研究其在特种环境条件下干扰技术及特性。3.民用烟火技术：研究开发新型烟花药剂材料，微烟烟花与环保花炮，烟花燃放新技术和新效果药剂开发。"
张文超,1977年2月,,副研究员,1391306476@qq.com,1、先进点火器件制备2、纳米含能材料制备及表征3、气体发生剂及其应用小组主页:http://zhangwenchao303.blog.163.com/
朱朋,1978年5月,工学博士,副研究员,zhupeng@njust.edu.cn,1.先进火工品：主要研究微型爆炸箔起爆器（McEFI）、MEMS火工品、灵巧起爆器、含能复合薄膜材料等；2.微化学反应与微流体控制技术：主要研究微化学反应系统、微流控芯片等；3.微纳卫星推进与矢量控制技术：主要研究固体氮气微推力器、微型电推力器、微纳卫星姿轨控技术等。
张伟,1986年5月,工学博士,讲师,wzhang@njust.edu.cn,二级学科：军事化学与烟火技术&nbsp;研究方向：先进火工品技术；含能材料激光化学物理；先进推进技术；复杂流场传热传质模拟仿真技术
陈厚和,1961年10月,,研究员,chhh42792@sina.cn,1、无源光电对抗：主要研究具有特殊光电效应物质的制备、光电效应及其应用。其中包括纳米、超细材料的制备，以更好地利用其电磁、表面和小尺寸效应。2、隐身技术：隐身材料的制备、性能及其应用技术。3、特种材料合成技术：主要研究含能材料的制备，利用高压快速和高温自蔓延反应机理，合成超硬、耐高温、超高强度等材料。
成一,1952年1月,,研究员,chengyi20@aliyun.com,（1）火工烟火技术是现代武器弹药点火，起爆和智能化的关键部件之一，也是宇航火箭和卫星中的关键部件之一。本研究方向主要为延期药，烟火切割器，巡航导弹的空中点火。（2）安全气囊的是一门新兴的科学与产业，其涉及机械、电子和化学等诸多领域，可以广泛应用在汽车、水上救生、武器弹药、太空卫星探测器的着陆、消防救灾等领域，并且正在形成一个产值为数百亿美元的巨大产业。本研究方向主要为无人机气囊。
黄寅生,1962年11月,工学博士,教授,huangyinsheng@sina.com,（1）含能材料的点火与起爆技术；（2）索类火工品技术；（3）动力源火工品技术；（4）爆破器材与爆炸应用技术；（5）高能量密度含能材料合成及应用技术。
沈瑞琪,1963年6月,,教授,rqshen@mail.njust.edu.cn,纳米材料、激光物理与化学、微系统与化学芯片技术、复杂流场传热传质模拟仿真技术
叶迎华,1962年6月,,研究员,yyinghua@mail.njust.edu.cn,1.火工技术
朱晨光,1967年6月,,教授,zcg_lnkz@163.com,从事复合含能材料应用、光电对抗干扰材料开发等相关的理论研究与技术应用工作。1.通过烟火药燃烧产物控制，使其在照明、热能、遮蔽、灭火等效应方面实现有效应用；2.通过含能材料优化配伍，研究利用燃烧火焰产生毫米波、红外辐射机理，并实现应用；3.研究由氧化剂、可燃剂、添加剂等材料组成的复合含能材料燃烧反应原理、动力学规律、火焰流场及其模型。
胡艳,1977年4月,,副研究员,huyan@njust.edu.cn,1、新型纳米含能材料的制备与应用技术研究2、基于MEMS技术的新型电爆换能元制备技术研究3、微区爆轰参数测试技术研究4、含能芯片的快速成型与封装技术研究5、激光点火与起爆技术研究
吴立志,1982年9月,,副研究员,wulizhi82@163.com,主要从事激光与物质相互作用机理、含能材料的快速成型（直写）技术和爆炸物理测试分析技术的研究。具体包括：激光点火与起爆技术、激光与含能材料的相互作用机理、含能材料三维打印、PDV（多普勒）测速技术等方向。
朱顺官,1962年12月,,研究员,zhusg@mail.njust.edu.cn,1、火工药剂技术——利用全自动反应器、原位制备和自组装技术合成绿色环保的含能药剂。2、共晶/超分子含能化合物设计与合成——优选主体和客体分子而形成性能更优新的化合物。3、新型爆破器材——研发新型起爆药、新型换能元，并以新理念设计新一代民用爆破器材。
钟秦,1963年3月,,教授,zq304@mail.njust.edu.cn,研究方向：催化反应及其应用研究概述：针对能源利用过程中的环境问题，开展分子筛膜催化分解NO、选择性催化还原NOx、电催化氧化还原SO2、光催化分解及生物膜降解发挥性有机物、H2S燃料电池等基础和应用研究
李新杰,1966年5月,工学博士,高级工程师,lxjnust@163.com,1.水处理研究:&nbsp;水的绿色消毒原理与工艺；&nbsp;水的高级氧化处理原理与工艺；饮用水消毒副产物的形成机制与去除方法；二氧化氯的水处理原理与应用基础。2.环境功能材料研究：&nbsp;多功能绿色水处理剂的合成与应用基础；高纯二氧化氯制备新方法及其水处理应用；油田及炼油厂含油污泥处理及资源化利用；建筑材料的微波促凝机理与应用。
夏明珠,1968年8月,工学博士,研究员,863271491@ qq.com,环境功能材料的制备、应用及其微观作用机理研究。包括：1、采用插层、柱撑、表面吸附等改性方法制备无机有机复合材料，用于污水处理中重金属离子及各种有机污染物的去除；&nbsp;&nbsp;&nbsp;2、采用新型环境功能材料长效锁定污染土壤中的重金属离子，降低其活性和迁移性，从而有效修复污染土壤；3、采用先进的淋洗技术、植物生长强化技术等多项技术相结合进行土壤修复。
俞马宏,1966年3月,,副教授,yumahong@163.com,1、水污染控制工程：主要从事重金属废水处理的新技术及其工程应用研究。2、绿色水处理技术：主要从事电化学水处理的理论和方法研究。（注：目前不招生！）
董伟,1964年2月,理学博士,教授,dongwei@njust.edu.cn,1.分子探针的设计与制备及其在生物医学诊断方面的应用研究2.纳米抗体的修饰及其在医药和诊断技术中的应用
冯章启,1981年6月,,副教授,fengzhangqi1981@163.com,功能材料的设计与制造，用于对细胞生物行为的调控，并用于组织工程、医学影像、生物检测等生物医学领域。
陈利平,1981年11月,,副教授,clp319@mail.njust.edu.cn,（1）物质的热稳定性（2）化学反应热危险性
陈网桦,1968年1月,,教授,chenwh_nust@163.com,爆炸与安全防护技术内涵：围绕气体爆炸、气云爆炸、粉尘爆炸、凝聚态物质的爆炸等，开展有关安全防护技术的研究。
郭耸,1982年8月,工学博士,副教授,guosong@njust.edu.cn,储能物质热行为能源领域应用及其安全研究，包括：1.燃烧爆炸中化学反应动力学行为研究及其在能源推进、热安全分析等领域的应用2.燃烧(火焰)合成热电、光催化等纳米材料研究及其在新能源领域的应用3.低温燃烧技术研究及其在燃烧合成法改进、生物质解构等领域的应用4.燃烧爆炸过程内部释放热能分布测试技术研究及其在含能、热安全分析等领域的应用5.交通/城市公共安全等领域中储能物质全生命周期热安全及危险防控技术研究
何中其,1978年3月,,,,
胡毅亭,1973年11月,,,,
黄寅生,1962年11月,工学博士,教授,huangyinsheng@sina.com,（1）含能材料的点火与起爆技术；（2）索类火工品技术；（3）动力源火工品技术；（4）爆破器材与爆炸应用技术；（5）高能量密度含能材料合成及应用技术。
解立峰,1962年10月,理学博士,教授,xielifeng319@sina.com,1、爆炸理论及作用，本方向主要研究云爆理论及技术，云爆武器药剂，战斗部设计技术，云爆武器爆炸参数测量及毁伤评价技术．
李权威,1983年4月,,,,
饶国宁,1978年9月,,讲师,njraoguoning@163.com,
王伯良,1964年10月,,教授,blwang@mail.njust.edu.cn,1.爆炸材料及其应用技术：新型高能量密度材料的开发及其应有技术的研究；2.安全技术：研究爆炸危险性物质的安全性；研究爆炸事故中冲击波、破片等因素对人、机、物的破坏损伤规律，测量评价方法及预防措施；3.爆轰推进技术:研究爆轰波在发动机推进系统中的应用技术。
张成功,1967年5月,,高级工程师,,
张文超,1977年2月,,副研究员,1391306476@qq.com,1、先进点火器件制备2、纳米含能材料制备及表征3、气体发生剂及其应用小组主页:http://zhangwenchao303.blog.163.com/
朱晨光,1967年6月,,教授,zcg_lnkz@163.com,从事复合含能材料应用、光电对抗干扰材料开发等相关的理论研究与技术应用工作。1.通过烟火药燃烧产物控制，使其在照明、热能、遮蔽、灭火等效应方面实现有效应用；2.通过含能材料优化配伍，研究利用燃烧火焰产生毫米波、红外辐射机理，并实现应用；3.研究由氧化剂、可燃剂、添加剂等材料组成的复合含能材料燃烧反应原理、动力学规律、火焰流场及其模型。
